latitude,longitude
4.716201999999999828e+01,-1.454635416666666625e+00
4.716201999999999828e+01,-1.453831770833333259e+00
4.716145666666666614e+01,-1.453510312499999957e+00
4.716123133333333328e+01,-1.452706666666666591e+00
4.716111866666666685e+01,-1.451903020833333224e+00
4.716089333333333400e+01,-1.451099374999999858e+00
4.716066800000000114e+01,-1.450295729166666492e+00
4.716010466666666190e+01,-1.450295729166666492e+00
4.715954133333332976e+01,-1.450456458333333254e+00
4.715897799999999762e+01,-1.450938645833333318e+00
4.715920333333333048e+01,-1.451903020833333224e+00
4.715875266666666477e+01,-1.452385208333333289e+00
4.715818933333333263e+01,-1.452385208333333289e+00
4.715796399999999977e+01,-1.451581562499999922e+00
4.715785133333333334e+01,-1.450617187500000016e+00
4.715796399999999977e+01,-1.449813541666666650e+00
4.715796399999999977e+01,-1.449009895833333283e+00
4.715796399999999977e+01,-1.448206249999999917e+00
4.715796399999999977e+01,-1.447402604166666551e+00
4.715785133333333334e+01,-1.446598958333333185e+00
4.715751333333333406e+01,-1.445956041666666581e+00
4.715706266666666835e+01,-1.445313124999999976e+00
4.715661199999999553e+01,-1.444670208333333150e+00
4.715627399999999625e+01,-1.444027291666666546e+00
4.715604866666666339e+01,-1.443223645833333180e+00
4.715593599999999697e+01,-1.442259270833333273e+00
4.715638666666666268e+01,-1.441616354166666669e+00
4.715672466666666196e+01,-1.440973437499999843e+00
4.715740066666666763e+01,-1.440973437499999843e+00
4.715728800000000120e+01,-1.440169791666666477e+00
4.715694999999999482e+01,-1.439526874999999873e+00
4.715649933333332910e+01,-1.439044687500000030e+00
4.715638666666666268e+01,-1.438241041666666664e+00
4.715661199999999553e+01,-1.437437395833333298e+00
4.715661199999999553e+01,-1.436633749999999932e+00
4.715661199999999553e+01,-1.435830104166666565e+00
4.715661199999999553e+01,-1.435026458333333199e+00
4.715638666666666268e+01,-1.434222812499999833e+00
4.715649933333332910e+01,-1.433258437499999927e+00
4.715661199999999553e+01,-1.432454791666666560e+00
4.715649933333332910e+01,-1.431651145833333194e+00
4.715627399999999625e+01,-1.430847499999999828e+00
4.715593599999999697e+01,-1.430204583333333224e+00
4.715627399999999625e+01,-1.429400937499999857e+00
4.715616133333332982e+01,-1.428597291666666491e+00
4.715604866666666339e+01,-1.427793645833333347e+00
4.715593599999999697e+01,-1.426989999999999981e+00
4.715571066666666411e+01,-1.426186354166666614e+00
4.715537266666666483e+01,-1.425543437500000010e+00
4.715492199999999912e+01,-1.425061249999999946e+00
4.715458399999999983e+01,-1.424418333333333342e+00
4.715424600000000055e+01,-1.423775416666666516e+00
4.715379533333333484e+01,-1.423293229166666674e+00
4.715334466666666202e+01,-1.422811041666666609e+00
4.715278133333332988e+01,-1.422811041666666609e+00
4.715221799999999774e+01,-1.422650312499999847e+00
4.715165466666666561e+01,-1.422328854166666545e+00
4.715109133333333347e+01,-1.422007395833333243e+00
4.715064066666666776e+01,-1.421525208333333179e+00
4.715007733333332851e+01,-1.421364479166666639e+00
4.714951399999999637e+01,-1.421685937499999941e+00
4.714895066666666423e+01,-1.422007395833333243e+00
4.714872533333333138e+01,-1.422811041666666609e+00
4.714816199999999924e+01,-1.423293229166666674e+00
4.714759866666666710e+01,-1.423775416666666516e+00
4.714703533333333496e+01,-1.423614687499999976e+00
4.714669733333332857e+01,-1.422971770833333149e+00
4.714635933333332929e+01,-1.422328854166666545e+00
4.714590866666666358e+01,-1.421846666666666703e+00
4.714557066666666429e+01,-1.421203749999999877e+00
4.714511999999999858e+01,-1.420721562499999813e+00
4.714466933333333287e+01,-1.420239374999999971e+00
4.714433133333333359e+01,-1.419596458333333366e+00
4.714388066666666788e+01,-1.419114270833333302e+00
4.714365533333333502e+01,-1.418310624999999936e+00
4.714410600000000073e+01,-1.417828437499999872e+00
4.714466933333333287e+01,-1.417346250000000030e+00
4.714523266666666501e+01,-1.416864062499999966e+00
4.714557066666666429e+01,-1.416221145833333361e+00
4.714523266666666501e+01,-1.415578229166666535e+00
4.714500733333333216e+01,-1.414774583333333169e+00
4.714489466666666573e+01,-1.413810208333333263e+00
4.714557066666666429e+01,-1.413810208333333263e+00
4.714602133333333001e+01,-1.413328020833333198e+00
4.714658466666666214e+01,-1.412845833333333356e+00
4.714714800000000139e+01,-1.412363645833333292e+00
4.714771133333333353e+01,-1.412042187499999990e+00
4.714827466666666567e+01,-1.411720729166666688e+00
4.714895066666666423e+01,-1.411881458333333228e+00
4.714962666666666280e+01,-1.411881458333333228e+00
4.715030266666666847e+01,-1.412042187499999990e+00
4.715097866666666704e+01,-1.412042187499999990e+00
4.715154199999999918e+01,-1.412524374999999832e+00
4.715199266666666489e+01,-1.413167291666666658e+00
4.715233066666666417e+01,-1.413970937500000025e+00
4.715289399999999631e+01,-1.414453124999999867e+00
4.715345733333332845e+01,-1.414131666666666565e+00
4.715390800000000127e+01,-1.413488749999999960e+00
4.715447133333333340e+01,-1.413167291666666658e+00
4.715492199999999912e+01,-1.412524374999999832e+00
4.715548533333333125e+01,-1.412202916666666530e+00
4.715604866666666339e+01,-1.412042187499999990e+00
4.715593599999999697e+01,-1.411238541666666624e+00
4.715571066666666411e+01,-1.410434895833333258e+00
4.715514733333333197e+01,-1.410274166666666495e+00
4.715458399999999983e+01,-1.410434895833333258e+00
4.715402066666666769e+01,-1.410274166666666495e+00
4.715345733333332845e+01,-1.410113437499999955e+00
4.715300666666666274e+01,-1.409631249999999891e+00
4.715255599999999703e+01,-1.409149062500000049e+00
4.715210533333333132e+01,-1.408666874999999985e+00
4.715176733333333203e+01,-1.408023958333333159e+00
4.715131666666666632e+01,-1.407541770833333317e+00
4.715086600000000061e+01,-1.407059583333333252e+00
4.715064066666666776e+01,-1.406255937499999886e+00
4.715052800000000133e+01,-1.405452291666666520e+00
4.715030266666666847e+01,-1.404648645833333376e+00
4.715030266666666847e+01,-1.403845000000000010e+00
4.715052800000000133e+01,-1.403041354166666643e+00
4.715064066666666776e+01,-1.402237708333333277e+00
4.715097866666666704e+01,-1.401434062499999911e+00
4.715131666666666632e+01,-1.400791145833333307e+00
4.715187999999999846e+01,-1.400469687500000004e+00
4.715176733333333203e+01,-1.399666041666666638e+00
4.715154199999999918e+01,-1.398862395833333272e+00
4.715131666666666632e+01,-1.398058749999999906e+00
4.715120399999999989e+01,-1.397255104166666539e+00
4.715064066666666776e+01,-1.397255104166666539e+00
4.715007733333332851e+01,-1.397576562499999842e+00
4.714962666666666280e+01,-1.398058749999999906e+00
4.714917599999999709e+01,-1.398540937499999970e+00
4.714872533333333138e+01,-1.399183854166666574e+00
4.714827466666666567e+01,-1.399666041666666638e+00
4.714771133333333353e+01,-1.399666041666666638e+00
4.714714800000000139e+01,-1.399666041666666638e+00
4.714669733333332857e+01,-1.399183854166666574e+00
4.714613399999999643e+01,-1.399183854166666574e+00
4.714568333333333072e+01,-1.399666041666666638e+00
4.714534533333333144e+01,-1.399023124999999812e+00
4.714489466666666573e+01,-1.398540937499999970e+00
4.714455666666666644e+01,-1.397898020833333366e+00
4.714444400000000002e+01,-1.396933645833333237e+00
4.714478199999999930e+01,-1.396129999999999871e+00
4.714545799999999787e+01,-1.395969270833333331e+00
4.714602133333333001e+01,-1.395487083333333267e+00
4.714635933333332929e+01,-1.394844166666666663e+00
4.714647199999999572e+01,-1.394040520833333296e+00
4.714647199999999572e+01,-1.393236874999999930e+00
4.714635933333332929e+01,-1.392433229166666564e+00
4.714602133333333001e+01,-1.391790312499999960e+00
4.714568333333333072e+01,-1.391147395833333356e+00
4.714534533333333144e+01,-1.390504479166666529e+00
4.714500733333333216e+01,-1.389861562499999925e+00
4.714489466666666573e+01,-1.389057916666666559e+00
4.714500733333333216e+01,-1.388254270833333193e+00
4.714489466666666573e+01,-1.387450625000000048e+00
4.714478199999999930e+01,-1.386646979166666682e+00
4.714500733333333216e+01,-1.385843333333333316e+00
4.714545799999999787e+01,-1.385200416666666712e+00
4.714579599999999715e+01,-1.384557499999999886e+00
4.714613399999999643e+01,-1.383914583333333281e+00
4.714635933333332929e+01,-1.382950208333333375e+00
4.714658466666666214e+01,-1.381985833333333247e+00
4.714669733333332857e+01,-1.381182187499999880e+00
4.714714800000000139e+01,-1.380539270833333276e+00
4.714759866666666710e+01,-1.379896354166666672e+00
4.714793666666666638e+01,-1.379253437499999846e+00
4.714771133333333353e+01,-1.378449791666666702e+00
4.714748600000000067e+01,-1.377646145833333335e+00
4.714737333333333424e+01,-1.376842499999999969e+00
4.714714800000000139e+01,-1.376038854166666603e+00
4.714511999999999858e+01,-1.372342083333333296e+00
4.714455666666666644e+01,-1.372502812499999836e+00
4.714399333333333431e+01,-1.372502812499999836e+00
4.714342999999999506e+01,-1.372342083333333296e+00
4.714286666666666292e+01,-1.372020624999999994e+00
4.714264133333333007e+01,-1.371216979166666627e+00
4.714230333333333078e+01,-1.370574062500000023e+00
4.714196533333333150e+01,-1.369931145833333197e+00
4.714162733333333222e+01,-1.369288229166666593e+00
4.714140199999999936e+01,-1.368484583333333227e+00
4.714106400000000008e+01,-1.367841666666666622e+00
4.714061333333333437e+01,-1.367359479166666558e+00
4.714005000000000223e+01,-1.367038020833333256e+00
4.713971199999999584e+01,-1.366395104166666652e+00
4.713937399999999656e+01,-1.365752187500000048e+00
4.713903599999999727e+01,-1.365109270833333222e+00
4.713914866666666370e+01,-1.364144895833333315e+00
4.713903599999999727e+01,-1.363341249999999949e+00
4.713892333333333085e+01,-1.362537604166666583e+00
4.713892333333333085e+01,-1.361733958333333216e+00
4.713892333333333085e+01,-1.360930312499999850e+00
4.713892333333333085e+01,-1.360126666666666484e+00
4.713903599999999727e+01,-1.359323020833333340e+00
4.713869799999999799e+01,-1.358680104166666514e+00
4.713858533333333156e+01,-1.357715729166666607e+00
4.713881066666666442e+01,-1.356751354166666701e+00
4.713948666666666298e+01,-1.357072812500000003e+00
4.714016266666666866e+01,-1.357394270833333305e+00
4.714005000000000223e+01,-1.356590624999999939e+00
4.713993733333332870e+01,-1.355786979166666573e+00
4.713982466666666227e+01,-1.354983333333333206e+00
4.714016266666666866e+01,-1.354179687499999840e+00
4.714072600000000079e+01,-1.353858229166666538e+00
4.714061333333333437e+01,-1.353054583333333172e+00
4.714027533333333508e+01,-1.352411666666666568e+00
4.714050066666666794e+01,-1.351447291666666661e+00
4.714083866666666722e+01,-1.350804374999999835e+00
4.714095133333333365e+01,-1.350000729166666691e+00
4.714072600000000079e+01,-1.349197083333333325e+00
4.714061333333333437e+01,-1.348393437499999958e+00
4.714050066666666794e+01,-1.347589791666666592e+00
4.714050066666666794e+01,-1.346786145833333226e+00
4.714038800000000151e+01,-1.345982499999999860e+00
4.714038800000000151e+01,-1.345178854166666493e+00
4.713982466666666227e+01,-1.345178854166666493e+00
4.713937399999999656e+01,-1.345821770833333320e+00
4.713937399999999656e+01,-1.346786145833333226e+00
4.713926133333333013e+01,-1.347750520833333354e+00
4.713869799999999799e+01,-1.347589791666666592e+00
4.713813466666666585e+01,-1.347268333333333290e+00
4.713768400000000014e+01,-1.346786145833333226e+00
4.713712066666666800e+01,-1.346786145833333226e+00
4.713655733333332876e+01,-1.346786145833333226e+00
4.713610666666666305e+01,-1.347268333333333290e+00
4.713554333333333091e+01,-1.347429062499999830e+00
4.713497999999999877e+01,-1.347429062499999830e+00
4.713441666666666663e+01,-1.347429062499999830e+00
4.713385333333333449e+01,-1.347429062499999830e+00
4.713329000000000235e+01,-1.347750520833333354e+00
4.713272666666666311e+01,-1.348071979166666656e+00
4.713227599999999740e+01,-1.348554166666666720e+00
4.713193799999999811e+01,-1.347911249999999894e+00
4.713159999999999883e+01,-1.347268333333333290e+00
4.713126199999999955e+01,-1.346625416666666686e+00
4.713103666666666669e+01,-1.345821770833333320e+00
4.713069866666666741e+01,-1.345178854166666493e+00
4.713058600000000098e+01,-1.344375208333333349e+00
4.713058600000000098e+01,-1.343571562499999983e+00
4.713013533333333527e+01,-1.343089374999999919e+00
4.712990999999999531e+01,-1.342285729166666552e+00
4.712990999999999531e+01,-1.341482083333333186e+00
4.712990999999999531e+01,-1.340678437499999820e+00
4.712990999999999531e+01,-1.339874791666666676e+00
4.712968466666666245e+01,-1.339071145833333309e+00
4.712945933333332960e+01,-1.338267499999999943e+00
4.712923399999999674e+01,-1.337463854166666577e+00
4.712912133333333031e+01,-1.336660208333333211e+00
4.712900866666666388e+01,-1.335856562499999844e+00
4.712889599999999746e+01,-1.335052916666666700e+00
4.712855799999999817e+01,-1.334409999999999874e+00
4.712810733333333246e+01,-1.333767083333333270e+00
4.712765666666666675e+01,-1.333124166666666666e+00
4.712754400000000032e+01,-1.332320520833333299e+00
4.712788199999999961e+01,-1.331677604166666473e+00
4.712743133333333390e+01,-1.331195416666666631e+00
4.712686800000000176e+01,-1.330873958333333329e+00
4.712641733333332894e+01,-1.330391770833333265e+00
4.712607933333332966e+01,-1.329748854166666661e+00
4.712585399999999680e+01,-1.328945208333333294e+00
4.712551599999999752e+01,-1.328302291666666690e+00
4.712517799999999824e+01,-1.327498645833333324e+00
4.712472733333333252e+01,-1.327016458333333260e+00
4.712427666666666681e+01,-1.326534270833333196e+00
4.712382600000000110e+01,-1.327177187500000022e+00
4.712337533333333539e+01,-1.327820104166666626e+00
4.712281199999999615e+01,-1.327820104166666626e+00
4.712236133333333044e+01,-1.327337916666666562e+00
4.712191066666666472e+01,-1.326855729166666720e+00
4.712134733333333259e+01,-1.326855729166666720e+00
4.712078400000000045e+01,-1.327337916666666562e+00
4.712022066666666831e+01,-1.327659374999999864e+00
4.711988266666666902e+01,-1.327016458333333260e+00
4.711988266666666902e+01,-1.326052083333333353e+00
4.712022066666666831e+01,-1.325409166666666527e+00
4.712010800000000188e+01,-1.324605520833333383e+00
4.711954466666666264e+01,-1.324284062499999859e+00
4.711909399999999692e+01,-1.323801875000000017e+00
4.711853066666666479e+01,-1.323480416666666493e+00
4.711830533333333193e+01,-1.322676770833333348e+00
4.711864333333333121e+01,-1.321873124999999982e+00
4.711898133333333050e+01,-1.321230208333333156e+00
4.711864333333333121e+01,-1.320587291666666552e+00
4.711886866666666407e+01,-1.319783645833333185e+00
4.711886866666666407e+01,-1.318979999999999819e+00
4.711853066666666479e+01,-1.318337083333333215e+00
4.711819266666666550e+01,-1.317533437499999849e+00
4.711785466666666622e+01,-1.316890520833333245e+00
4.711740400000000051e+01,-1.316408333333333180e+00
4.711695333333333480e+01,-1.315926145833333338e+00
4.711638999999999555e+01,-1.315604687500000036e+00
4.711593933333332984e+01,-1.315122499999999972e+00
4.711537599999999770e+01,-1.315122499999999972e+00
4.711492533333333199e+01,-1.315765416666666576e+00
4.711458733333333271e+01,-1.316408333333333180e+00
4.711424933333333342e+01,-1.317051250000000007e+00
4.711391133333333414e+01,-1.317694166666666611e+00
4.711346066666666843e+01,-1.318176354166666675e+00
4.711312266666666915e+01,-1.317533437499999849e+00
4.711267199999999633e+01,-1.317051250000000007e+00
4.711233399999999705e+01,-1.316408333333333180e+00
4.711188333333333134e+01,-1.315926145833333338e+00
4.711154533333333205e+01,-1.315283229166666512e+00
4.711109466666666634e+01,-1.314801041666666670e+00
4.711075666666666706e+01,-1.314158124999999844e+00
4.711030600000000135e+01,-1.313675937500000002e+00
4.711041866666666778e+01,-1.312711562499999873e+00
4.711008066666666849e+01,-1.311907916666666507e+00
4.710985533333333564e+01,-1.311104270833333363e+00
4.710951733333332925e+01,-1.310461354166666537e+00
4.710917933333332996e+01,-1.309818437499999932e+00
4.710884133333333068e+01,-1.309175520833333328e+00
4.710850333333333140e+01,-1.308532604166666502e+00
4.710816533333333211e+01,-1.307889687499999898e+00
4.710771466666666640e+01,-1.307407500000000056e+00
4.710726400000000069e+01,-1.306925312499999992e+00
4.710681333333333498e+01,-1.306443124999999927e+00
4.710703866666666784e+01,-1.305478750000000021e+00
4.710748933333333355e+01,-1.304835833333333195e+00
4.710782733333333283e+01,-1.304032187499999829e+00
4.710839066666666497e+01,-1.303871458333333289e+00
4.710895399999999711e+01,-1.303549999999999986e+00
4.710951733333332925e+01,-1.303389270833333224e+00
4.710951733333332925e+01,-1.302585624999999858e+00
4.710917933333332996e+01,-1.301942708333333254e+00
4.710884133333333068e+01,-1.301299791666666650e+00
4.710872866666666425e+01,-1.300496145833333284e+00
4.710850333333333140e+01,-1.299692499999999917e+00
4.710839066666666497e+01,-1.298888854166666551e+00
4.710827799999999854e+01,-1.298085208333333185e+00
4.710793999999999926e+01,-1.297442291666666581e+00
4.710771466666666640e+01,-1.296638645833333214e+00
4.710737666666666712e+01,-1.295995729166666610e+00
4.710703866666666784e+01,-1.295352812500000006e+00
4.710658800000000213e+01,-1.294870624999999942e+00
4.710613733333332931e+01,-1.294227708333333338e+00
4.710568666666666360e+01,-1.293745520833333273e+00
4.710534866666666431e+01,-1.293102604166666669e+00
4.710489799999999860e+01,-1.292620416666666605e+00
4.710444733333333289e+01,-1.292138229166666541e+00
4.710433466666666646e+01,-1.291334583333333175e+00
4.710433466666666646e+01,-1.290530937499999808e+00
4.710433466666666646e+01,-1.289727291666666664e+00
4.710433466666666646e+01,-1.288923645833333298e+00
4.710388400000000075e+01,-1.288441458333333234e+00
4.710343333333333504e+01,-1.287959270833333170e+00
4.710298266666666933e+01,-1.287477083333333328e+00
4.710253199999999651e+01,-1.286994895833333263e+00
4.710196866666666438e+01,-1.287155625000000025e+00
4.710174333333333152e+01,-1.286351979166666659e+00
4.710140533333333224e+01,-1.287155625000000025e+00
4.710151799999999866e+01,-1.287959270833333170e+00
4.710129266666666581e+01,-1.288762916666666536e+00
4.710095466666666653e+01,-1.287959270833333170e+00
4.710072933333333367e+01,-1.288923645833333298e+00
4.710140533333333224e+01,-1.285709062500000055e+00
4.710106733333333295e+01,-1.285066145833333229e+00
4.710061666666666724e+01,-1.284583958333333165e+00
4.710016600000000153e+01,-1.284101770833333322e+00
4.709971533333333582e+01,-1.283619583333333258e+00
4.709937733333332943e+01,-1.284262499999999863e+00
4.709903933333333015e+01,-1.284905416666666689e+00
4.709847599999999801e+01,-1.284905416666666689e+00
4.709791266666666587e+01,-1.284905416666666689e+00
4.709734933333333373e+01,-1.284744687499999927e+00
4.709689866666666802e+01,-1.284262499999999863e+00
4.709633533333333588e+01,-1.284101770833333322e+00
4.709577199999999664e+01,-1.283941041666666560e+00
4.709520866666666450e+01,-1.283619583333333258e+00
4.709475799999999879e+01,-1.283137395833333194e+00
4.709430733333333308e+01,-1.282655208333333352e+00
4.709385666666666737e+01,-1.282012291666666526e+00
4.709363133333333451e+01,-1.281047916666666620e+00
4.709306800000000237e+01,-1.280726458333333317e+00
4.709250466666666313e+01,-1.280405000000000015e+00
4.709205399999999742e+01,-1.281047916666666620e+00
4.709171599999999813e+01,-1.281851562499999986e+00
4.709137799999999885e+01,-1.282655208333333352e+00
4.709103999999999957e+01,-1.283458854166666718e+00
4.709103999999999957e+01,-1.284423229166666625e+00
4.709103999999999957e+01,-1.285226874999999991e+00
4.709047666666666743e+01,-1.285548333333333293e+00
4.708991333333333529e+01,-1.285709062500000055e+00
4.708934999999999604e+01,-1.285548333333333293e+00
4.708878666666666390e+01,-1.285548333333333293e+00
4.708822333333333177e+01,-1.285548333333333293e+00
4.708765999999999963e+01,-1.285387604166666531e+00
4.708743466666666677e+01,-1.284583958333333165e+00
4.708720933333333392e+01,-1.283780312499999798e+00
4.708664600000000178e+01,-1.283941041666666560e+00
4.708619533333333607e+01,-1.284423229166666625e+00
4.708585733333332968e+01,-1.285066145833333229e+00
4.708551933333333039e+01,-1.285709062500000055e+00
4.708518133333333111e+01,-1.286351979166666659e+00
4.708484333333333183e+01,-1.286994895833333263e+00
4.708450533333333254e+01,-1.287637812499999868e+00
4.708405466666666683e+01,-1.288280729166666694e+00
4.708360400000000112e+01,-1.288923645833333298e+00
4.708315333333333541e+01,-1.289405833333333362e+00
4.708270266666666970e+01,-1.290048749999999966e+00
4.708225199999999688e+01,-1.290530937499999808e+00
4.708180133333333117e+01,-1.291013124999999873e+00
4.708146333333333189e+01,-1.291816770833333239e+00
4.708157599999999832e+01,-1.292781145833333145e+00
4.708146333333333189e+01,-1.293745520833333273e+00
4.708123799999999903e+01,-1.294549166666666640e+00
4.708101266666666618e+01,-1.295513541666666546e+00
4.708078733333333332e+01,-1.296317187499999912e+00
4.708056200000000047e+01,-1.297281562499999819e+00
4.708033666666666761e+01,-1.298085208333333185e+00
4.708011133333333476e+01,-1.299049583333333313e+00
4.707999866666666833e+01,-1.300013958333333219e+00
4.707988600000000190e+01,-1.300978333333333348e+00
4.707977333333333547e+01,-1.301942708333333254e+00
4.707921000000000333e+01,-1.302103437500000016e+00
4.707864666666666409e+01,-1.302103437500000016e+00
4.707808333333333195e+01,-1.302264166666666556e+00
4.707751999999999981e+01,-1.302264166666666556e+00
4.707695666666666767e+01,-1.302264166666666556e+00
4.707639333333333553e+01,-1.302424895833333318e+00
4.707582999999999629e+01,-1.302424895833333318e+00
4.707526666666666415e+01,-1.302746354166666620e+00
4.707470333333333201e+01,-1.303067812499999922e+00
4.707413999999999987e+01,-1.303228541666666684e+00
4.707357666666666773e+01,-1.303549999999999986e+00
4.707301333333333559e+01,-1.303871458333333289e+00
4.707245000000000346e+01,-1.304192916666666591e+00
4.707199933333333064e+01,-1.303710729166666527e+00
4.707154866666666493e+01,-1.303228541666666684e+00
4.707098533333333279e+01,-1.303710729166666527e+00
4.707042200000000065e+01,-1.303871458333333289e+00
4.706985866666666851e+01,-1.304192916666666591e+00
4.706940800000000280e+01,-1.304675104166666655e+00
4.706895733333332998e+01,-1.305318020833333259e+00
4.706850666666666427e+01,-1.305960937499999863e+00
4.706805599999999856e+01,-1.306603854166666689e+00
4.706771799999999928e+01,-1.307246770833333294e+00
4.706771799999999928e+01,-1.308211145833333200e+00
4.706771799999999928e+01,-1.309175520833333328e+00
4.706738000000000000e+01,-1.309818437499999932e+00
4.706681666666666786e+01,-1.309657708333333170e+00
4.706625333333333572e+01,-1.309657708333333170e+00
4.706569000000000358e+01,-1.309496979166666630e+00
4.706512666666666433e+01,-1.309496979166666630e+00
4.706456333333333220e+01,-1.309979166666666472e+00
4.706411266666666648e+01,-1.310461354166666537e+00
4.706354933333333435e+01,-1.310943541666666601e+00
4.706298600000000221e+01,-1.311425729166666665e+00
4.706242266666667007e+01,-1.311907916666666507e+00
4.706230999999999653e+01,-1.312872291666666635e+00
4.706242266666667007e+01,-1.313836666666666542e+00
4.706253533333333650e+01,-1.314801041666666670e+00
4.706276066666666935e+01,-1.315765416666666576e+00
4.706298600000000221e+01,-1.316729791666666483e+00
4.706298600000000221e+01,-1.317694166666666611e+00
4.706298600000000221e+01,-1.318658541666666517e+00
4.706287333333333578e+01,-1.319622916666666645e+00
4.706264800000000292e+01,-1.320587291666666552e+00
4.706230999999999653e+01,-1.321390937499999918e+00
4.706208466666666368e+01,-1.322355312500000046e+00
4.706219733333333011e+01,-1.323319687499999953e+00
4.706230999999999653e+01,-1.324284062499999859e+00
4.706230999999999653e+01,-1.325248437499999987e+00
4.706242266666667007e+01,-1.326212812499999893e+00
4.706219733333333011e+01,-1.327016458333333260e+00
4.706185933333333082e+01,-1.327820104166666626e+00
4.706152133333333154e+01,-1.328463020833333230e+00
4.706129599999999868e+01,-1.329427395833333359e+00
4.706118333333333226e+01,-1.330391770833333265e+00
4.706095799999999940e+01,-1.331356145833333171e+00
4.706062000000000012e+01,-1.331999062499999997e+00
4.706028200000000083e+01,-1.332802708333333364e+00
4.705994400000000155e+01,-1.333606354166666508e+00
4.705960600000000227e+01,-1.334409999999999874e+00
4.705926800000000298e+01,-1.335213645833333240e+00
4.705893000000000370e+01,-1.336017291666666607e+00
4.705859199999999731e+01,-1.336820937499999973e+00
4.705836666666666446e+01,-1.337785312499999879e+00
4.705836666666666446e+01,-1.338749687500000007e+00
4.705836666666666446e+01,-1.339714062499999914e+00
4.705836666666666446e+01,-1.340678437499999820e+00
4.705836666666666446e+01,-1.341642812499999948e+00
4.705836666666666446e+01,-1.342607187499999855e+00
4.705836666666666446e+01,-1.343571562499999983e+00
4.705847933333333089e+01,-1.344535937499999889e+00
4.705870466666666374e+01,-1.345500312500000017e+00
4.705870466666666374e+01,-1.346464687499999924e+00
4.705847933333333089e+01,-1.347429062499999830e+00
4.705836666666666446e+01,-1.348393437499999958e+00
4.705814133333333160e+01,-1.349357812499999865e+00
4.705802866666666517e+01,-1.350161458333333231e+00
4.705791599999999875e+01,-1.350965104166666597e+00
4.705791599999999875e+01,-1.351929479166666503e+00
4.705814133333333160e+01,-1.352893854166666632e+00
4.705836666666666446e+01,-1.353858229166666538e+00
4.705859199999999731e+01,-1.354822604166666666e+00
4.705859199999999731e+01,-1.355626249999999811e+00
4.705847933333333089e+01,-1.356590624999999939e+00
4.705836666666666446e+01,-1.357554999999999845e+00
4.705847933333333089e+01,-1.358519374999999973e+00
4.705847933333333089e+01,-1.359483749999999880e+00
4.705847933333333089e+01,-1.360448125000000008e+00
4.705859199999999731e+01,-1.361412499999999914e+00
4.705870466666666374e+01,-1.362376874999999821e+00
4.705859199999999731e+01,-1.363180520833333187e+00
4.705825399999999803e+01,-1.363984166666666553e+00
4.705791599999999875e+01,-1.364787812499999919e+00
4.705780333333333232e+01,-1.365752187500000048e+00
4.705769066666666589e+01,-1.366555833333333192e+00
4.705746533333333304e+01,-1.367520208333333320e+00
4.705712733333333375e+01,-1.368323854166666687e+00
4.705667666666666804e+01,-1.368806041666666529e+00
4.705622600000000233e+01,-1.369288229166666593e+00
4.705577533333333662e+01,-1.369931145833333197e+00
4.705611333333333590e+01,-1.370734791666666563e+00
4.705667666666666804e+01,-1.371216979166666627e+00
4.705735266666666661e+01,-1.371538437499999930e+00
4.705769066666666589e+01,-1.370895520833333325e+00
4.705825399999999803e+01,-1.371377708333333167e+00
4.705870466666666374e+01,-1.372020624999999994e+00
4.705904266666667013e+01,-1.372824270833333138e+00
4.705938066666666941e+01,-1.373627916666666504e+00
4.705983133333333512e+01,-1.374270833333333330e+00
4.706050733333333369e+01,-1.374592291666666632e+00
4.706118333333333226e+01,-1.374592291666666632e+00
4.706185933333333082e+01,-1.374592291666666632e+00
4.706253533333333650e+01,-1.374753020833333172e+00
4.706321133333333506e+01,-1.374913749999999935e+00
4.706388733333333363e+01,-1.375074479166666475e+00
4.706456333333333220e+01,-1.375235208333333237e+00
4.706523933333333076e+01,-1.375395937499999999e+00
4.706591533333333643e+01,-1.375556666666666539e+00
4.706659133333333500e+01,-1.375717395833333301e+00
4.706726733333333357e+01,-1.376038854166666603e+00
4.706749266666666642e+01,-1.377003229166666509e+00
4.706704200000000071e+01,-1.377646145833333335e+00
4.706704200000000071e+01,-1.378610520833333242e+00
4.706692933333333428e+01,-1.379574895833333148e+00
4.706715466666666714e+01,-1.380539270833333276e+00
4.706749266666666642e+01,-1.381342916666666643e+00
4.706771799999999928e+01,-1.382307291666666549e+00
4.706794333333333213e+01,-1.383271666666666677e+00
4.706839399999999785e+01,-1.383914583333333281e+00
4.706873199999999713e+01,-1.384718229166666648e+00
4.706929533333333637e+01,-1.385200416666666712e+00
4.706974600000000208e+01,-1.385843333333333316e+00
4.707008400000000137e+01,-1.386646979166666682e+00
4.707053466666666708e+01,-1.387289895833333286e+00
4.707109799999999922e+01,-1.387772083333333351e+00
4.707166133333333136e+01,-1.387450625000000048e+00
4.707154866666666493e+01,-1.388414999999999955e+00
4.707154866666666493e+01,-1.386646979166666682e+00
4.707199933333333064e+01,-1.386004062499999856e+00
4.707256266666666988e+01,-1.385521875000000014e+00
4.707323866666666845e+01,-1.385521875000000014e+00
4.707391466666666702e+01,-1.385361145833333252e+00
4.707459066666666558e+01,-1.385361145833333252e+00
4.707526666666666415e+01,-1.385361145833333252e+00
4.707594266666666982e+01,-1.385682604166666554e+00
4.707594266666666982e+01,-1.383914583333333281e+00
4.707639333333333553e+01,-1.383432395833333217e+00
4.707684400000000124e+01,-1.382950208333333375e+00
4.707729466666666696e+01,-1.382468020833333311e+00
4.707774533333333267e+01,-1.381985833333333247e+00
4.707819599999999838e+01,-1.381503645833333183e+00
4.707887199999999694e+01,-1.381342916666666643e+00
4.707932266666666976e+01,-1.381985833333333247e+00
4.707909733333332980e+01,-1.382950208333333375e+00
4.707898466666666337e+01,-1.383914583333333281e+00
4.707909733333332980e+01,-1.384878958333333188e+00
4.707909733333332980e+01,-1.385843333333333316e+00
4.707932266666666976e+01,-1.386807708333333222e+00
4.707977333333333547e+01,-1.387450625000000048e+00
4.707977333333333547e+01,-1.388414999999999955e+00
4.707977333333333547e+01,-1.389218645833333321e+00
4.707954800000000262e+01,-1.390183020833333227e+00
4.707921000000000333e+01,-1.390986666666666594e+00
4.707875933333333052e+01,-1.391468854166666658e+00
4.707842133333333123e+01,-1.392272499999999802e+00
4.707864666666666409e+01,-1.393236874999999930e+00
4.707921000000000333e+01,-1.393719062499999994e+00
4.707977333333333547e+01,-1.394201249999999837e+00
4.707988600000000190e+01,-1.395165624999999965e+00
4.708022400000000118e+01,-1.395969270833333331e+00
4.708089999999999975e+01,-1.396290729166666633e+00
4.708157599999999832e+01,-1.396129999999999871e+00
4.708225199999999688e+01,-1.396129999999999871e+00
4.708292800000000256e+01,-1.396129999999999871e+00
4.708360400000000112e+01,-1.396290729166666633e+00
4.708427999999999969e+01,-1.396612187499999935e+00
4.708495599999999826e+01,-1.396772916666666475e+00
4.708563199999999682e+01,-1.396612187499999935e+00
4.708630800000000249e+01,-1.396772916666666475e+00
4.708653333333333535e+01,-1.397737291666666604e+00
4.708653333333333535e+01,-1.398701666666666510e+00
4.708687133333333463e+01,-1.399505312499999876e+00
4.708754733333333320e+01,-1.399505312499999876e+00
4.708822333333333177e+01,-1.399666041666666638e+00
4.708889933333333033e+01,-1.399666041666666638e+00
4.708923733333332962e+01,-1.399023124999999812e+00
4.708957533333333600e+01,-1.398219479166666668e+00
4.709002600000000172e+01,-1.398862395833333272e+00
4.709047666666666743e+01,-1.399505312499999876e+00
4.709115266666666599e+01,-1.399826770833333178e+00
4.709182866666666456e+01,-1.399987499999999940e+00
4.709250466666666313e+01,-1.400148229166666702e+00
4.709318066666666880e+01,-1.400469687500000004e+00
4.709363133333333451e+01,-1.401112604166666609e+00
4.709430733333333308e+01,-1.401434062499999911e+00
4.709487066666666522e+01,-1.401273333333333149e+00
4.709554666666666378e+01,-1.401434062499999911e+00
4.709622266666666945e+01,-1.401273333333333149e+00
4.709667333333333517e+01,-1.400791145833333307e+00
4.709712400000000088e+01,-1.400148229166666702e+00
4.709746200000000016e+01,-1.399505312499999876e+00
4.709712400000000088e+01,-1.398862395833333272e+00
4.709667333333333517e+01,-1.399344583333333336e+00
4.709622266666666945e+01,-1.399826770833333178e+00
4.709577199999999664e+01,-1.400308958333333242e+00
4.709520866666666450e+01,-1.400630416666666545e+00
4.709532133333333093e+01,-1.402398437500000039e+00
4.709565933333333021e+01,-1.403202083333333183e+00
4.709633533333333588e+01,-1.403523541666666485e+00
4.709701133333333445e+01,-1.403845000000000010e+00
4.709768733333333302e+01,-1.404166458333333312e+00
4.709836333333333158e+01,-1.404166458333333312e+00
4.709903933333333015e+01,-1.404487916666666614e+00
4.709960266666666939e+01,-1.404166458333333312e+00
4.709994066666666868e+01,-1.404970104166666678e+00
4.710050400000000081e+01,-1.405452291666666520e+00
4.710084200000000010e+01,-1.406255937499999886e+00
4.710151799999999866e+01,-1.406416666666666648e+00
4.710208133333333080e+01,-1.405934479166666584e+00
4.710275733333332937e+01,-1.406255937499999886e+00
4.710320800000000219e+01,-1.406898854166666712e+00
4.710354600000000147e+01,-1.407702499999999857e+00
4.710388400000000075e+01,-1.408506145833333223e+00
4.710354600000000147e+01,-1.409149062500000049e+00
4.710309533333333576e+01,-1.409631249999999891e+00
4.710253199999999651e+01,-1.410113437499999955e+00
4.710264466666666294e+01,-1.411077812499999862e+00
4.710253199999999651e+01,-1.412042187499999990e+00
4.710275733333332937e+01,-1.413006562499999896e+00
4.710309533333333576e+01,-1.413810208333333263e+00
4.710354600000000147e+01,-1.414453124999999867e+00
4.710399666666666718e+01,-1.415096041666666693e+00
4.710455999999999932e+01,-1.415578229166666535e+00
4.710501066666666503e+01,-1.416221145833333361e+00
4.710557399999999717e+01,-1.416703333333333203e+00
4.710625000000000284e+01,-1.416864062499999966e+00
4.710692600000000141e+01,-1.416703333333333203e+00
4.710748933333333355e+01,-1.416381874999999901e+00
4.710805266666666569e+01,-1.415899687499999837e+00
4.710861599999999783e+01,-1.415417499999999995e+00
4.710917933333332996e+01,-1.414935312499999931e+00
4.710929199999999639e+01,-1.414131666666666565e+00
4.710917933333332996e+01,-1.413328020833333198e+00
4.710861599999999783e+01,-1.413649479166666501e+00
4.710805266666666569e+01,-1.413328020833333198e+00
4.710771466666666640e+01,-1.412685104166666594e+00
4.710737666666666712e+01,-1.412042187499999990e+00
4.710715133333333426e+01,-1.411238541666666624e+00
4.710681333333333498e+01,-1.410595625000000020e+00
4.710658800000000213e+01,-1.409791979166666653e+00
4.710625000000000284e+01,-1.409149062500000049e+00
4.710591199999999645e+01,-1.408345416666666683e+00
4.710568666666666360e+01,-1.407541770833333317e+00
4.710534866666666431e+01,-1.406898854166666712e+00
4.710523599999999789e+01,-1.406095208333333346e+00
4.710512333333333146e+01,-1.405291562499999980e+00
4.710489799999999860e+01,-1.404487916666666614e+00
4.710512333333333146e+01,-1.403684270833333247e+00
4.710568666666666360e+01,-1.403202083333333183e+00
4.710625000000000284e+01,-1.402719895833333341e+00
4.710670066666666855e+01,-1.402076979166666515e+00
4.710715133333333426e+01,-1.401434062499999911e+00
4.710782733333333283e+01,-1.401434062499999911e+00
4.710850333333333140e+01,-1.401434062499999911e+00
4.710917933333332996e+01,-1.401594791666666673e+00
4.710985533333333564e+01,-1.401594791666666673e+00
4.711053133333333420e+01,-1.401755520833333213e+00
4.711120733333333277e+01,-1.402076979166666515e+00
4.711188333333333134e+01,-1.402398437500000039e+00
4.711244666666666348e+01,-1.402880624999999881e+00
4.711312266666666915e+01,-1.403202083333333183e+00
4.711379866666666771e+01,-1.403523541666666485e+00
4.711436199999999985e+01,-1.403202083333333183e+00
4.711492533333333199e+01,-1.402719895833333341e+00
4.711560133333333056e+01,-1.402559166666666579e+00
4.711616466666666270e+01,-1.402398437500000039e+00
4.711672800000000194e+01,-1.402076979166666515e+00
4.711740400000000051e+01,-1.401916249999999975e+00
4.711796733333333265e+01,-1.402398437500000039e+00
4.711830533333333193e+01,-1.403202083333333183e+00
4.711875599999999764e+01,-1.403845000000000010e+00
4.711909399999999692e+01,-1.404648645833333376e+00
4.711920666666666335e+01,-1.405613020833333282e+00
4.711920666666666335e+01,-1.406416666666666648e+00
4.711864333333333121e+01,-1.406738124999999950e+00
4.711864333333333121e+01,-1.407702499999999857e+00
4.711875599999999764e+01,-1.408666874999999985e+00
4.711886866666666407e+01,-1.409470520833333351e+00
4.711830533333333193e+01,-1.409791979166666653e+00
4.711774199999999979e+01,-1.410113437499999955e+00
4.711717866666666765e+01,-1.410434895833333258e+00
4.711706600000000122e+01,-1.411238541666666624e+00
4.711650266666666909e+01,-1.411399270833333164e+00
4.711661533333333551e+01,-1.412363645833333292e+00
4.711706600000000122e+01,-1.413006562499999896e+00
4.711740400000000051e+01,-1.413810208333333263e+00
4.711762933333333336e+01,-1.414774583333333169e+00
4.711819266666666550e+01,-1.415256770833333233e+00
4.711875599999999764e+01,-1.415738958333333297e+00
4.711943199999999621e+01,-1.415578229166666535e+00
4.711999533333333545e+01,-1.416060416666666599e+00
4.711954466666666264e+01,-1.416542604166666663e+00
4.711931933333332978e+01,-1.414774583333333169e+00
4.711999533333333545e+01,-1.414613854166666629e+00
4.712055866666666759e+01,-1.415096041666666693e+00
4.712123466666666616e+01,-1.415256770833333233e+00
4.712191066666666472e+01,-1.415417499999999995e+00
4.712258666666666329e+01,-1.415578229166666535e+00
4.712326266666666896e+01,-1.415738958333333297e+00
4.712393866666666753e+01,-1.415899687499999837e+00
4.712461466666666610e+01,-1.416060416666666599e+00
4.712506533333333181e+01,-1.415417499999999995e+00
4.712574133333333037e+01,-1.415417499999999995e+00
4.712619199999999609e+01,-1.414774583333333169e+00
4.712675533333333533e+01,-1.414292395833333327e+00
4.712720600000000104e+01,-1.413810208333333263e+00
4.712788199999999961e+01,-1.413970937500000025e+00
4.712833266666666532e+01,-1.414613854166666629e+00
4.712867066666666460e+01,-1.415417499999999995e+00
4.712833266666666532e+01,-1.416221145833333361e+00
4.712810733333333246e+01,-1.417024791666666506e+00
4.712788199999999961e+01,-1.417989166666666634e+00
4.712754400000000032e+01,-1.418632083333333238e+00
4.712698066666666818e+01,-1.419114270833333302e+00
4.712641733333332894e+01,-1.419596458333333366e+00
4.712585399999999680e+01,-1.419917916666666668e+00
4.712529066666666466e+01,-1.419757187499999906e+00
4.712472733333333252e+01,-1.419917916666666668e+00
4.712416400000000039e+01,-1.419917916666666668e+00
4.712360066666666825e+01,-1.420078645833333209e+00
4.712303733333332900e+01,-1.420078645833333209e+00
4.712247399999999686e+01,-1.420239374999999971e+00
4.712191066666666472e+01,-1.420400104166666511e+00
4.712134733333333259e+01,-1.420721562499999813e+00
4.712078400000000045e+01,-1.421043020833333337e+00
4.712022066666666831e+01,-1.421525208333333179e+00
4.711965733333332906e+01,-1.421846666666666703e+00
4.711988266666666902e+01,-1.422811041666666609e+00
4.711988266666666902e+01,-1.423775416666666516e+00
4.712022066666666831e+01,-1.424579062499999882e+00
4.712055866666666759e+01,-1.425382708333333248e+00
4.712078400000000045e+01,-1.426347083333333376e+00
4.712112199999999973e+01,-1.427150729166666521e+00
4.712145999999999901e+01,-1.427954374999999887e+00
4.712179799999999830e+01,-1.428758020833333253e+00
4.712224866666666401e+01,-1.429400937499999857e+00
4.712281199999999615e+01,-1.429883124999999922e+00
4.712337533333333539e+01,-1.430365312499999986e+00
4.712382600000000110e+01,-1.431008229166666590e+00
4.712416400000000039e+01,-1.431811874999999956e+00
4.712450199999999967e+01,-1.432615520833333322e+00
4.712483999999999895e+01,-1.433419166666666689e+00
4.712517799999999824e+01,-1.434062083333333293e+00
4.712562866666666395e+01,-1.434704999999999897e+00
4.712607933333332966e+01,-1.435347916666666501e+00
4.712653000000000247e+01,-1.435990833333333327e+00
4.712698066666666818e+01,-1.436633749999999932e+00
4.712743133333333390e+01,-1.437276666666666536e+00
4.712788199999999961e+01,-1.437758854166666600e+00
4.712844533333333175e+01,-1.438241041666666664e+00
4.712912133333333031e+01,-1.438241041666666664e+00
4.712968466666666245e+01,-1.437919583333333140e+00
4.713024800000000170e+01,-1.437598124999999838e+00
4.713081133333333383e+01,-1.437276666666666536e+00
4.713137466666666597e+01,-1.437115937499999996e+00
4.713193799999999811e+01,-1.436794479166666694e+00
4.713261399999999668e+01,-1.436633749999999932e+00
4.713317733333332882e+01,-1.436312291666666630e+00
4.713374066666666806e+01,-1.436151562499999867e+00
4.713430400000000020e+01,-1.435669375000000025e+00
4.713486733333333234e+01,-1.435187187499999961e+00
4.713554333333333091e+01,-1.435026458333333199e+00
4.713599399999999662e+01,-1.434544270833333357e+00
4.713644466666666233e+01,-1.434062083333333293e+00
4.713700800000000157e+01,-1.433579895833333229e+00
4.713745866666666728e+01,-1.433097708333333165e+00
4.713813466666666585e+01,-1.433258437499999927e+00
4.713858533333333156e+01,-1.433901354166666531e+00
4.713892333333333085e+01,-1.434704999999999897e+00
4.713926133333333013e+01,-1.435508645833333263e+00
4.713869799999999799e+01,-1.435830104166666565e+00
4.713813466666666585e+01,-1.436312291666666630e+00
4.713779666666666657e+01,-1.437115937499999996e+00
4.713813466666666585e+01,-1.437919583333333140e+00
4.713813466666666585e+01,-1.438723229166666506e+00
4.713802199999999942e+01,-1.439526874999999873e+00
4.713802199999999942e+01,-1.440491250000000001e+00
4.713824733333333228e+01,-1.441455624999999907e+00
4.713881066666666442e+01,-1.441937812499999971e+00
4.713948666666666298e+01,-1.442259270833333273e+00
4.714005000000000223e+01,-1.441777083333333209e+00
4.714050066666666794e+01,-1.441294895833333367e+00
4.714095133333333365e+01,-1.440651979166666541e+00
4.714151466666666579e+01,-1.440169791666666477e+00
4.714219066666666436e+01,-1.440009062499999937e+00
4.714286666666666292e+01,-1.440330520833333239e+00
4.714354266666666859e+01,-1.440491250000000001e+00
4.714365533333333502e+01,-1.441455624999999907e+00
4.714342999999999506e+01,-1.442419999999999813e+00
4.714297933333332935e+01,-1.442902187499999878e+00
4.714252866666666364e+01,-1.443545104166666704e+00
4.714241599999999721e+01,-1.444348749999999848e+00
4.714185266666666507e+01,-1.444670208333333150e+00
4.714128933333333293e+01,-1.444991666666666674e+00
4.714106400000000008e+01,-1.445956041666666581e+00
4.714162733333333222e+01,-1.446438229166666645e+00
4.714230333333333078e+01,-1.446438229166666645e+00
4.714297933333332935e+01,-1.446277499999999883e+00
4.714365533333333502e+01,-1.446116770833333343e+00
4.714433133333333359e+01,-1.445956041666666581e+00
4.714500733333333216e+01,-1.446116770833333343e+00
4.714534533333333144e+01,-1.446920416666666487e+00
4.714579599999999715e+01,-1.447563333333333313e+00
4.714647199999999572e+01,-1.447563333333333313e+00
4.714714800000000139e+01,-1.447402604166666551e+00
4.714782399999999996e+01,-1.447241875000000011e+00
4.714849999999999852e+01,-1.447241875000000011e+00
4.714895066666666423e+01,-1.447884791666666615e+00
4.714928866666666352e+01,-1.448688437499999981e+00
4.714985199999999566e+01,-1.449170624999999824e+00
4.715041533333333490e+01,-1.449652812499999888e+00
4.715109133333333347e+01,-1.449813541666666650e+00
4.715176733333333203e+01,-1.449813541666666650e+00
4.715244333333333060e+01,-1.449813541666666650e+00
4.715311933333332917e+01,-1.449652812499999888e+00
4.715379533333333484e+01,-1.449492083333333348e+00
4.715447133333333340e+01,-1.449813541666666650e+00
4.715480933333333269e+01,-1.450617187500000016e+00
4.715480933333333269e+01,-1.451581562499999922e+00
4.715458399999999983e+01,-1.452545937499999829e+00
4.715447133333333340e+01,-1.453510312499999957e+00
4.715424600000000055e+01,-1.454474687499999863e+00
4.715402066666666769e+01,-1.455439062499999991e+00
4.715390800000000127e+01,-1.456403437499999898e+00
4.715379533333333484e+01,-1.457367812500000026e+00
4.715379533333333484e+01,-1.458332187499999932e+00
4.715368266666666841e+01,-1.459296562499999839e+00
4.715357000000000198e+01,-1.460260937499999967e+00
4.715379533333333484e+01,-1.461225312499999873e+00
4.715357000000000198e+01,-1.462028958333333239e+00
4.715323199999999559e+01,-1.462832604166666606e+00
4.715311933333332917e+01,-1.463796979166666512e+00
4.715311933333332917e+01,-1.464761354166666640e+00
4.715311933333332917e+01,-1.465725729166666547e+00
4.715323199999999559e+01,-1.466690104166666675e+00
4.715334466666666202e+01,-1.467654479166666581e+00
4.715357000000000198e+01,-1.468618854166666488e+00
4.715424600000000055e+01,-1.468618854166666488e+00
4.715492199999999912e+01,-1.468618854166666488e+00
4.715559799999999768e+01,-1.468458124999999947e+00
4.715627399999999625e+01,-1.468458124999999947e+00
4.715694999999999482e+01,-1.468297395833333185e+00
4.715694999999999482e+01,-1.467493750000000041e+00
4.715672466666666196e+01,-1.466690104166666675e+00
4.715683733333332839e+01,-1.465725729166666547e+00
4.715706266666666835e+01,-1.464922083333333180e+00
4.715683733333332839e+01,-1.464118437499999814e+00
4.715672466666666196e+01,-1.463154062499999908e+00
4.715672466666666196e+01,-1.462350416666666542e+00
4.715683733333332839e+01,-1.461546770833333175e+00
4.715694999999999482e+01,-1.460582395833333269e+00
4.715751333333333406e+01,-1.460100208333333205e+00
4.715818933333333263e+01,-1.460421666666666507e+00
4.715875266666666477e+01,-1.460260937499999967e+00
4.715931599999999690e+01,-1.459778749999999903e+00
4.715987933333332904e+01,-1.459296562499999839e+00
4.716033000000000186e+01,-1.458814374999999997e+00
4.716055533333333472e+01,-1.458010729166666630e+00
4.716111866666666685e+01,-1.457689270833333328e+00
4.716134399999999971e+01,-1.456885624999999962e+00
4.716168199999999899e+01,-1.456242708333333358e+00
4.716190733333333185e+01,-1.455439062499999991e+00
4.716201999999999828e+01,-1.454635416666666625e+00
